AI Method,Ghost Method,Time (s),Score,Level
2,RLPacManV2,MyGhosts,33.60,2830,1
3,RLPacManV2,MyGhosts,27.65,2970,1
4,RLPacManV2,MyGhosts,7.57,300,1
5,RLPacManV2,MyGhosts,14.78,1040,1
6,RLPacManV2,MyGhosts,14.35,760,1
7,RLPacManV2,MyGhosts,20.47,1790,1
8,RLPacManV2,MyGhosts,32.28,1910,1
9,RLPacManV2,MyGhosts,24.87,1480,1
10,RLPacManV2,MyGhosts,35.40,1910,1
11,RLPacManV2,MyGhosts,24.35,2120,1
12,RLPacManV2,MyGhosts,31.88,3200,1
13,RLPacManV2,MyGhosts,18.57,980,1
14,RLPacManV2,MyGhosts,26.48,1740,1
15,RLPacManV2,MyGhosts,9.10,360,1
16,RLPacManV2,MyGhosts,16.25,1410,1
17,RLPacManV2,MyGhosts,38.68,2300,1
18,RLPacManV2,MyGhosts,21.38,1360,1
19,RLPacManV2,MyGhosts,61.75,2920,1
20,RLPacManV2,MyGhosts,59.57,1490,1
21,RLPacManV2,MyGhosts,20.33,1080,1
22,RLPacManV2,MyGhosts,49.67,1490,1
23,RLPacManV2,MyGhosts,18.80,1690,1
24,RLPacManV2,MyGhosts,41.78,1980,1
25,RLPacManV2,MyGhosts,24.37,4920,1
26,RLPacManV2,MyGhosts,30.68,1370,1
27,RLPacManV2,MyGhosts,24.08,1400,1
28,RLPacManV2,MyGhosts,25.30,1220,1
29,RLPacManV2,MyGhosts,31.32,1390,1
30,RLPacManV2,MyGhosts,12.57,850,1
31,RLPacManV2,MyGhosts,15.63,700,1
32,RLPacManV2,MyGhosts,30.87,1390,1
33,RLPacManV2,MyGhosts,103.43,3100,2
34,RLPacManV2,MyGhosts,49.48,1650,1
35,RLPacManV2,MyGhosts,23.15,2110,1
36,RLPacManV2,MyGhosts,32.25,1550,1
37,RLPacManV2,MyGhosts,50.52,1830,1
38,RLPacManV2,MyGhosts,45.92,1370,1
39,RLPacManV2,MyGhosts,26.55,1250,1
40,RLPacManV2,MyGhosts,48.80,1340,1
41,RLPacManV2,MyGhosts,51.35,3670,1
42,RLPacManV2,MyGhosts,20.88,1360,1
43,RLPacManV2,MyGhosts,39.47,4870,1
44,RLPacManV2,MyGhosts,12.95,880,1
45,RLPacManV2,MyGhosts,17.27,1110,1
46,RLPacManV2,MyGhosts,24.78,1380,1
47,RLPacManV2,MyGhosts,35.05,1850,1
48,RLPacManV2,MyGhosts,34.90,2360,1
49,RLPacManV2,MyGhosts,44.23,3670,1
50,RLPacManV2,MyGhosts,23.23,1590,1
51,RLPacManV2,MyGhosts,27.92,2190,1
52,RLPacManV2,MyGhosts,94.48,3330,2
53,RLPacManV2,MyGhosts,14.78,1410,1
54,RLPacManV2,MyGhosts,40.87,3620,1
55,RLPacManV2,MyGhosts,18.18,1660,1
56,RLPacManV2,MyGhosts,17.72,1440,1
57,RLPacManV2,MyGhosts,23.15,2220,1
58,RLPacManV2,MyGhosts,18.18,1070,1
59,RLPacManV2,MyGhosts,26.38,1140,1
60,RLPacManV2,MyGhosts,31.43,1290,1
61,RLPacManV2,MyGhosts,33.08,2110,1
62,RLPacManV2,MyGhosts,22.07,1080,1
63,RLPacManV2,MyGhosts,38.42,2910,1
64,RLPacManV2,MyGhosts,70.12,2760,2
65,RLPacManV2,MyGhosts,28.12,3090,1
66,RLPacManV2,MyGhosts,34.05,1380,1
67,RLPacManV2,MyGhosts,20.30,960,1
68,RLPacManV2,MyGhosts,19.72,1250,1
69,RLPacManV2,MyGhosts,31.88,1080,1
70,RLPacManV2,MyGhosts,48.30,3290,1
71,RLPacManV2,MyGhosts,38.78,2070,1
72,RLPacManV2,MyGhosts,19.92,1200,1
73,RLPacManV2,MyGhosts,84.20,1950,2
74,RLPacManV2,MyGhosts,36.53,1760,1
75,RLPacManV2,MyGhosts,23.40,3430,1
76,RLPacManV2,MyGhosts,35.95,1170,1
77,RLPacManV2,MyGhosts,19.22,1410,1
78,RLPacManV2,MyGhosts,50.10,1860,1
79,RLPacManV2,MyGhosts,20.97,970,1
80,RLPacManV2,MyGhosts,35.72,3000,1
81,RLPacManV2,MyGhosts,88.95,2530,2
82,RLPacManV2,MyGhosts,39.33,2290,1
83,RLPacManV2,MyGhosts,28.18,2240,1
84,RLPacManV2,MyGhosts,19.77,1590,1
85,RLPacManV2,MyGhosts,21.33,1680,1
86,RLPacManV2,MyGhosts,24.28,1390,1
87,RLPacManV2,MyGhosts,47.92,2780,1
88,RLPacManV2,MyGhosts,44.02,3560,1
89,RLPacManV2,MyGhosts,23.67,1750,1
90,RLPacManV2,MyGhosts,14.57,1640,1
91,RLPacManV2,MyGhosts,24.03,1820,1
92,RLPacManV2,MyGhosts,24.80,3540,1
93,RLPacManV2,MyGhosts,97.27,3830,2
94,RLPacManV2,MyGhosts,24.37,2690,1
95,RLPacManV2,MyGhosts,26.68,1140,1
96,RLPacManV2,MyGhosts,65.48,1310,1
97,RLPacManV2,MyGhosts,21.03,1060,1
98,RLPacManV2,MyGhosts,16.23,1390,1
99,RLPacManV2,MyGhosts,21.40,1160,1
100,RLPacManV2,MyGhosts,26.22,1260,1
101,RLPacManV2,MyGhosts,23.62,3060,1
102,RLPacManV2,MyGhosts,73.65,2150,2
103,RLPacManV2,MyGhosts,18.25,710,1
104,RLPacManV2,MyGhosts,29.50,1630,1
105,RLPacManV2,MyGhosts,34.72,1360,1
106,RLPacManV2,MyGhosts,24.18,1860,1
107,RLPacManV2,MyGhosts,19.78,1200,1
108,RLPacManV2,MyGhosts,14.80,1010,1
109,RLPacManV2,MyGhosts,47.80,5380,1
110,RLPacManV2,MyGhosts,24.83,1350,1
111,RLPacManV2,MyGhosts,23.75,1180,1
112,RLPacManV2,MyGhosts,28.10,1420,1
113,RLPacManV2,MyGhosts,30.48,2500,1
114,RLPacManV2,MyGhosts,27.55,1550,1
115,RLPacManV2,MyGhosts,18.53,1460,1
116,RLPacManV2,MyGhosts,19.08,1300,1
117,RLPacManV2,MyGhosts,40.12,1390,1
118,RLPacManV2,MyGhosts,22.12,1450,1
119,RLPacManV2,MyGhosts,21.35,1740,1
120,RLPacManV2,MyGhosts,20.03,1050,1
121,RLPacManV2,MyGhosts,39.02,5120,1
122,RLPacManV2,MyGhosts,62.97,1880,1
123,RLPacManV2,MyGhosts,24.53,2900,1
124,RLPacManV2,MyGhosts,27.33,2070,1
125,RLPacManV2,MyGhosts,22.22,1360,1
126,RLPacManV2,MyGhosts,29.87,2680,1
127,RLPacManV2,MyGhosts,13.97,1110,1
128,RLPacManV2,MyGhosts,19.35,1100,1
129,RLPacManV2,MyGhosts,61.52,1860,1
130,RLPacManV2,MyGhosts,25.08,1310,1
131,RLPacManV2,MyGhosts,24.50,1400,1
132,RLPacManV2,MyGhosts,25.42,1340,1
133,RLPacManV2,MyGhosts,27.52,1300,1
134,RLPacManV2,MyGhosts,45.90,2480,1
135,RLPacManV2,MyGhosts,25.58,1180,1
136,RLPacManV2,MyGhosts,27.58,2030,1
137,RLPacManV2,MyGhosts,23.33,3410,1
138,RLPacManV2,MyGhosts,19.00,1030,1
139,RLPacManV2,MyGhosts,27.13,1320,1
140,RLPacManV2,MyGhosts,39.30,2600,1
141,RLPacManV2,MyGhosts,40.27,1530,1
142,RLPacManV2,MyGhosts,15.53,1580,1
143,RLPacManV2,MyGhosts,28.52,1800,1
144,RLPacManV2,MyGhosts,30.32,1400,1
145,RLPacManV2,MyGhosts,20.37,1290,1
146,RLPacManV2,MyGhosts,42.97,2610,1
147,RLPacManV2,MyGhosts,25.05,1940,1
148,RLPacManV2,MyGhosts,36.32,2720,1
149,RLPacManV2,MyGhosts,20.35,950,1
150,RLPacManV2,MyGhosts,104.13,3630,2
151,RLPacManV2,MyGhosts,26.02,2590,1
152,RLPacManV2,MyGhosts,24.00,1270,1
153,RLPacManV2,MyGhosts,55.13,1190,1
154,RLPacManV2,MyGhosts,47.82,3230,1
155,RLPacManV2,MyGhosts,57.70,2410,1
156,RLPacManV2,MyGhosts,22.50,920,1
157,RLPacManV2,MyGhosts,23.35,1470,1
158,RLPacManV2,MyGhosts,39.20,1200,1
159,RLPacManV2,MyGhosts,40.30,2540,1
160,RLPacManV2,MyGhosts,33.20,2520,1
161,RLPacManV2,MyGhosts,24.92,1350,1
162,RLPacManV2,MyGhosts,23.58,1410,1
163,RLPacManV2,MyGhosts,35.22,2240,1
164,RLPacManV2,MyGhosts,59.72,2040,1
165,RLPacManV2,MyGhosts,85.43,2080,2
166,RLPacManV2,MyGhosts,33.02,1580,1
167,RLPacManV2,MyGhosts,28.27,2190,1
168,RLPacManV2,MyGhosts,26.30,2020,1
169,RLPacManV2,MyGhosts,90.60,3110,2
170,RLPacManV2,MyGhosts,15.65,1700,1
171,RLPacManV2,MyGhosts,19.40,1390,1
172,RLPacManV2,MyGhosts,163.78,4050,3
173,RLPacManV2,MyGhosts,40.17,2260,1
174,RLPacManV2,MyGhosts,16.33,2050,1
175,RLPacManV2,MyGhosts,30.10,1940,1
176,RLPacManV2,MyGhosts,14.13,1250,1
177,RLPacManV2,MyGhosts,23.12,2810,1
178,RLPacManV2,MyGhosts,58.20,1320,1
179,RLPacManV2,MyGhosts,32.77,3430,1
180,RLPacManV2,MyGhosts,16.37,1200,1
181,RLPacManV2,MyGhosts,54.45,2240,1
182,RLPacManV2,MyGhosts,43.10,5250,1
183,RLPacManV2,MyGhosts,49.97,1330,1
184,RLPacManV2,MyGhosts,30.22,1120,1
185,RLPacManV2,MyGhosts,32.63,1230,1
186,RLPacManV2,MyGhosts,57.43,2930,1
187,RLPacManV2,MyGhosts,15.50,1250,1
188,RLPacManV2,MyGhosts,32.85,1380,1
189,RLPacManV2,MyGhosts,14.48,440,1
190,RLPacManV2,MyGhosts,64.47,1730,1
191,RLPacManV2,MyGhosts,16.03,960,1
192,RLPacManV2,MyGhosts,57.17,1220,1
193,RLPacManV2,MyGhosts,17.68,1370,1
194,RLPacManV2,MyGhosts,23.98,890,1
195,RLPacManV2,MyGhosts,108.55,3600,2
196,RLPacManV2,MyGhosts,104.52,3600,2
197,RLPacManV2,MyGhosts,102.17,3590,2
198,RLPacManV2,MyGhosts,89.35,3620,2
199,RLPacManV2,MyGhosts,50.32,1220,1
200,RLPacManV2,MyGhosts,28.78,1080,1
201,RLPacManV2,MyGhosts,119.85,2920,2
202,RLPacManV2,MyGhosts,36.05,2500,1
203,RLPacManV2,MyGhosts,88.98,3110,2
204,RLPacManV2,MyGhosts,36.90,1790,1
205,RLPacManV2,MyGhosts,98.65,2430,2
206,RLPacManV2,MyGhosts,26.97,1750,1
207,RLPacManV2,MyGhosts,23.43,2050,1
208,RLPacManV2,MyGhosts,53.28,2570,1
209,RLPacManV2,MyGhosts,11.50,840,1
210,RLPacManV2,MyGhosts,29.47,2740,1
211,RLPacManV2,MyGhosts,91.30,3370,2
212,RLPacManV2,MyGhosts,45.93,1420,1
213,RLPacManV2,MyGhosts,18.80,1250,1
214,RLPacManV2,MyGhosts,39.65,1960,1
215,RLPacManV2,MyGhosts,40.67,2350,1
216,RLPacManV2,MyGhosts,38.28,4350,1
217,RLPacManV2,MyGhosts,137.67,3900,3
218,RLPacManV2,MyGhosts,137.68,6680,3
219,RLPacManV2,MyGhosts,205.02,3480,4
220,RLPacManV2,MyGhosts,31.97,1330,1
221,RLPacManV2,MyGhosts,38.30,3670,1
222,RLPacManV2,MyGhosts,98.42,3990,2
223,RLPacManV2,MyGhosts,129.72,2960,2
224,RLPacManV2,MyGhosts,29.35,1180,1
225,RLPacManV2,MyGhosts,25.97,1150,1
226,RLPacManV2,MyGhosts,176.57,4510,3
227,RLPacManV2,MyGhosts,35.12,1280,1
228,RLPacManV2,MyGhosts,15.13,920,1
229,RLPacManV2,MyGhosts,39.42,1660,1
230,RLPacManV2,MyGhosts,15.28,800,1
231,RLPacManV2,MyGhosts,96.53,4290,2
232,RLPacManV2,MyGhosts,20.07,610,1
233,RLPacManV2,MyGhosts,14.63,680,1
234,RLPacManV2,MyGhosts,19.50,1250,1
235,RLPacManV2,MyGhosts,36.58,1340,1
236,RLPacManV2,MyGhosts,24.98,1920,1
237,RLPacManV2,MyGhosts,45.27,2390,1
238,RLPacManV2,MyGhosts,29.73,3330,1
239,RLPacManV2,MyGhosts,21.28,2270,1
240,RLPacManV2,MyGhosts,34.45,1300,1
241,RLPacManV2,MyGhosts,23.25,2200,1
242,RLPacManV2,MyGhosts,29.83,1650,1
243,RLPacManV2,MyGhosts,41.22,1340,1
244,RLPacManV2,MyGhosts,32.17,2120,1
245,RLPacManV2,MyGhosts,20.58,2020,1
246,RLPacManV2,MyGhosts,51.67,1540,1
247,RLPacManV2,MyGhosts,205.23,6230,4
248,RLPacManV2,MyGhosts,29.85,2180,1
249,RLPacManV2,MyGhosts,27.93,950,1
250,RLPacManV2,MyGhosts,20.52,990,1
251,RLPacManV2,MyGhosts,26.23,1150,1
252,RLPacManV2,MyGhosts,51.97,2700,1
253,RLPacManV2,MyGhosts,28.67,1270,1
254,RLPacManV2,MyGhosts,33.45,2840,1
255,RLPacManV2,MyGhosts,140.67,4040,3
256,RLPacManV2,MyGhosts,20.67,1420,1
257,RLPacManV2,MyGhosts,38.15,1810,1
258,RLPacManV2,MyGhosts,114.03,3430,2
259,RLPacManV2,MyGhosts,113.47,5430,2
260,RLPacManV2,MyGhosts,35.42,2470,1
261,RLPacManV2,MyGhosts,133.03,4160,2
262,RLPacManV2,MyGhosts,160.85,5820,3
263,RLPacManV2,MyGhosts,39.02,3570,1
264,RLPacManV2,MyGhosts,44.22,2150,1
265,RLPacManV2,MyGhosts,38.00,1200,1
266,RLPacManV2,MyGhosts,82.58,4540,2
267,RLPacManV2,MyGhosts,21.27,1920,1
268,RLPacManV2,MyGhosts,90.75,4320,2
269,RLPacManV2,MyGhosts,189.92,5410,3
270,RLPacManV2,MyGhosts,41.75,2620,1
271,RLPacManV2,MyGhosts,28.22,1150,1
272,RLPacManV2,MyGhosts,92.38,3170,2
273,RLPacManV2,MyGhosts,77.95,3800,2
274,RLPacManV2,MyGhosts,43.60,2100,1
275,RLPacManV2,MyGhosts,44.07,2520,1
276,RLPacManV2,MyGhosts,96.05,4850,2
277,RLPacManV2,MyGhosts,28.40,1450,1
278,RLPacManV2,MyGhosts,197.85,4580,3
279,RLPacManV2,MyGhosts,28.20,1730,1
280,RLPacManV2,MyGhosts,20.42,2400,1
281,RLPacManV2,MyGhosts,52.50,1650,1
282,RLPacManV2,MyGhosts,11.22,730,1
283,RLPacManV2,MyGhosts,80.05,3020,2
284,RLPacManV2,MyGhosts,33.77,1250,1
285,RLPacManV2,MyGhosts,36.72,1100,1
286,RLPacManV2,MyGhosts,41.08,1360,1
287,RLPacManV2,MyGhosts,33.75,4030,1
288,RLPacManV2,MyGhosts,37.72,3550,1
289,RLPacManV2,MyGhosts,28.37,2330,1
290,RLPacManV2,MyGhosts,40.75,1260,1
291,RLPacManV2,MyGhosts,70.90,2090,2
292,RLPacManV2,MyGhosts,114.45,4380,2
293,RLPacManV2,MyGhosts,119.65,3790,2
294,RLPacManV2,MyGhosts,36.80,1640,1
295,RLPacManV2,MyGhosts,261.03,5830,4
296,RLPacManV2,MyGhosts,41.65,2400,1
297,RLPacManV2,MyGhosts,61.08,4120,1
298,RLPacManV2,MyGhosts,36.95,1720,1
299,RLPacManV2,MyGhosts,52.73,3090,1
300,RLPacManV2,MyGhosts,97.72,2860,2
301,RLPacManV2,MyGhosts,22.87,1670,1
302,RLPacManV2,MyGhosts,93.18,4330,2
303,RLPacManV2,MyGhosts,104.07,3930,2
304,RLPacManV2,MyGhosts,34.88,2380,1
305,RLPacManV2,MyGhosts,48.35,2950,1
306,RLPacManV2,MyGhosts,45.85,1480,1
307,RLPacManV2,MyGhosts,16.03,910,1
308,RLPacManV2,MyGhosts,87.67,5180,2
309,RLPacManV2,MyGhosts,54.23,1410,1
310,RLPacManV2,MyGhosts,97.18,3970,2
311,RLPacManV2,MyGhosts,24.17,1130,1
312,RLPacManV2,MyGhosts,56.95,2300,1
313,RLPacManV2,MyGhosts,44.15,2210,1
314,RLPacManV2,MyGhosts,20.43,1210,1
315,RLPacManV2,MyGhosts,27.48,1200,1
316,RLPacManV2,MyGhosts,23.72,2770,1
317,RLPacManV2,MyGhosts,201.03,5140,4
318,RLPacManV2,MyGhosts,29.12,1890,1
319,RLPacManV2,MyGhosts,35.45,1120,1
320,RLPacManV2,MyGhosts,57.65,2230,1
321,RLPacManV2,MyGhosts,38.58,1380,1
322,RLPacManV2,MyGhosts,13.80,940,1
323,RLPacManV2,MyGhosts,55.52,1950,1
324,RLPacManV2,MyGhosts,60.43,1860,1
325,RLPacManV2,MyGhosts,90.28,3890,2
326,RLPacManV2,MyGhosts,22.82,1600,1
327,RLPacManV2,MyGhosts,36.83,2280,1
328,RLPacManV2,MyGhosts,24.78,2030,1
329,RLPacManV2,MyGhosts,26.97,1520,1
330,RLPacManV2,MyGhosts,49.13,1440,1
331,RLPacManV2,MyGhosts,161.12,5270,3
332,RLPacManV2,MyGhosts,90.45,4100,2
333,RLPacManV2,MyGhosts,22.62,1480,1
334,RLPacManV2,MyGhosts,38.90,2020,1
335,RLPacManV2,MyGhosts,36.68,2660,1
336,RLPacManV2,MyGhosts,32.73,3130,1
337,RLPacManV2,MyGhosts,34.77,2320,1
338,RLPacManV2,MyGhosts,100.55,3260,2
339,RLPacManV2,MyGhosts,43.62,3800,1
340,RLPacManV2,MyGhosts,111.75,4530,2
341,RLPacManV2,MyGhosts,45.65,1220,1
342,RLPacManV2,MyGhosts,26.60,2630,1
343,RLPacManV2,MyGhosts,29.02,1150,1
344,RLPacManV2,MyGhosts,41.47,1900,1
345,RLPacManV2,MyGhosts,54.72,3640,1
346,RLPacManV2,MyGhosts,25.15,1040,1
347,RLPacManV2,MyGhosts,77.22,3580,2
348,RLPacManV2,MyGhosts,228.08,6050,4
349,RLPacManV2,MyGhosts,181.50,4670,3
350,RLPacManV2,MyGhosts,48.60,2040,1
351,RLPacManV2,MyGhosts,33.63,1300,1
352,RLPacManV2,MyGhosts,10.83,1150,1
353,RLPacManV2,MyGhosts,25.75,1030,1
354,RLPacManV2,MyGhosts,84.05,3140,2
355,RLPacManV2,MyGhosts,31.45,1090,1
356,RLPacManV2,MyGhosts,89.62,2350,2
357,RLPacManV2,MyGhosts,17.50,770,1
358,RLPacManV2,MyGhosts,23.35,1170,1
359,RLPacManV2,MyGhosts,118.02,4150,2
360,RLPacManV2,MyGhosts,208.15,5550,4
361,RLPacManV2,MyGhosts,41.08,1940,1
362,RLPacManV2,MyGhosts,23.40,3020,1
363,RLPacManV2,MyGhosts,30.05,1180,1
364,RLPacManV2,MyGhosts,36.12,940,1
365,RLPacManV2,MyGhosts,18.68,1600,1
366,RLPacManV2,MyGhosts,25.05,1140,1
367,RLPacManV2,MyGhosts,37.52,1290,1
368,RLPacManV2,MyGhosts,113.28,3580,2
369,RLPacManV2,MyGhosts,155.17,4510,3
370,RLPacManV2,MyGhosts,61.85,1520,1
371,RLPacManV2,MyGhosts,186.78,5080,3
372,RLPacManV2,MyGhosts,161.02,4710,3
373,RLPacManV2,MyGhosts,281.95,6720,5
374,RLPacManV2,MyGhosts,291.18,6350,5
375,RLPacManV2,MyGhosts,61.82,1520,1
376,RLPacManV2,MyGhosts,21.87,1080,1
377,RLPacManV2,MyGhosts,43.00,1070,1
378,RLPacManV2,MyGhosts,178.80,5190,3
379,RLPacManV2,MyGhosts,115.98,4740,2
380,RLPacManV2,MyGhosts,28.43,1000,1
381,RLPacManV2,MyGhosts,21.97,1090,1
382,RLPacManV2,MyGhosts,25.42,1440,1
383,RLPacManV2,MyGhosts,30.75,1440,1
384,RLPacManV2,MyGhosts,27.47,2000,1
385,RLPacManV2,MyGhosts,31.88,1230,1
386,RLPacManV2,MyGhosts,123.72,5020,2
387,RLPacManV2,MyGhosts,129.07,5270,2
388,RLPacManV2,MyGhosts,113.97,3260,2
389,RLPacManV2,MyGhosts,30.42,2460,1
390,RLPacManV2,MyGhosts,21.28,1310,1
391,RLPacManV2,MyGhosts,97.25,3910,2
392,RLPacManV2,MyGhosts,93.70,2690,2
393,RLPacManV2,MyGhosts,52.68,2030,1
394,RLPacManV2,MyGhosts,30.53,1030,1
395,RLPacManV2,MyGhosts,28.83,1410,1
396,RLPacManV2,MyGhosts,171.27,4490,3
397,RLPacManV2,MyGhosts,97.43,2960,2
398,RLPacManV2,MyGhosts,288.08,6150,5
399,RLPacManV2,MyGhosts,294.92,10530,5
400,RLPacManV2,MyGhosts,117.98,3090,2
401,RLPacManV2,MyGhosts,181.73,5030,3
402,RLPacManV2,MyGhosts,40.98,1600,1
403,RLPacManV2,MyGhosts,21.72,1190,1
404,RLPacManV2,MyGhosts,113.90,2960,2
405,RLPacManV2,MyGhosts,101.80,3200,2
406,RLPacManV2,MyGhosts,14.88,720,1
407,RLPacManV2,MyGhosts,298.43,12720,5
408,RLPacManV2,MyGhosts,233.97,6560,4
409,RLPacManV2,MyGhosts,46.58,2280,1
410,RLPacManV2,MyGhosts,39.95,1180,1
411,RLPacManV2,MyGhosts,22.93,1760,1
412,RLPacManV2,MyGhosts,98.25,4130,2
413,RLPacManV2,MyGhosts,25.78,1310,1
414,RLPacManV2,MyGhosts,119.35,4600,2
415,RLPacManV2,MyGhosts,117.42,3890,2
416,RLPacManV2,MyGhosts,130.47,3420,2
417,RLPacManV2,MyGhosts,19.87,1320,1
418,RLPacManV2,MyGhosts,75.80,2160,2
419,RLPacManV2,MyGhosts,24.28,1420,1
420,RLPacManV2,MyGhosts,25.60,1380,1
421,RLPacManV2,MyGhosts,76.82,3270,2
422,RLPacManV2,MyGhosts,51.28,3430,1
423,RLPacManV2,MyGhosts,124.45,3420,2
424,RLPacManV2,MyGhosts,31.18,1480,1
425,RLPacManV2,MyGhosts,181.05,6200,3
426,RLPacManV2,MyGhosts,111.60,4260,2
427,RLPacManV2,MyGhosts,99.67,3640,2
428,RLPacManV2,MyGhosts,225.37,9750,4
429,RLPacManV2,MyGhosts,27.77,2500,1
430,RLPacManV2,MyGhosts,25.95,1110,1
431,RLPacManV2,MyGhosts,120.30,4330,2
432,RLPacManV2,MyGhosts,25.37,2520,1
433,RLPacManV2,MyGhosts,188.15,4330,3
434,RLPacManV2,MyGhosts,291.05,11370,5
435,RLPacManV2,MyGhosts,22.13,1320,1
436,RLPacManV2,MyGhosts,159.20,6190,3
437,RLPacManV2,MyGhosts,25.88,1030,1
438,RLPacManV2,MyGhosts,23.15,840,1
439,RLPacManV2,MyGhosts,274.35,6530,5
440,RLPacManV2,MyGhosts,34.98,1540,1
441,RLPacManV2,MyGhosts,225.38,5500,4
442,RLPacManV2,MyGhosts,88.67,2610,2
443,RLPacManV2,MyGhosts,23.95,1380,1
444,RLPacManV2,MyGhosts,282.52,8710,5
445,RLPacManV2,MyGhosts,29.12,1390,1
446,RLPacManV2,MyGhosts,120.08,2970,2
447,RLPacManV2,MyGhosts,27.62,1630,1
448,RLPacManV2,MyGhosts,278.65,6720,5
449,RLPacManV2,MyGhosts,211.30,5490,4
450,RLPacManV2,MyGhosts,156.83,5090,3
451,RLPacManV2,MyGhosts,149.68,5050,3
452,RLPacManV2,MyGhosts,29.47,1900,1
453,RLPacManV2,MyGhosts,18.07,1140,1
454,RLPacManV2,MyGhosts,43.58,3470,1
455,RLPacManV2,MyGhosts,142.72,6160,3
456,RLPacManV2,MyGhosts,122.95,3570,2
457,RLPacManV2,MyGhosts,120.02,5550,2
458,RLPacManV2,MyGhosts,273.98,5740,5
459,RLPacManV2,MyGhosts,27.33,960,1
460,RLPacManV2,MyGhosts,113.87,4070,2
461,RLPacManV2,MyGhosts,231.55,11000,4
462,RLPacManV2,MyGhosts,119.17,4400,2
463,RLPacManV2,MyGhosts,31.90,1880,1
464,RLPacManV2,MyGhosts,75.08,1790,2
465,RLPacManV2,MyGhosts,134.88,3240,3
466,RLPacManV2,MyGhosts,15.57,780,1
467,RLPacManV2,MyGhosts,81.23,2900,2
468,RLPacManV2,MyGhosts,100.47,3240,2
469,RLPacManV2,MyGhosts,213.25,5180,4
470,RLPacManV2,MyGhosts,64.35,2830,1
471,RLPacManV2,MyGhosts,108.72,4630,2
472,RLPacManV2,MyGhosts,169.73,4430,3
473,RLPacManV2,MyGhosts,110.80,2910,2
474,RLPacManV2,MyGhosts,97.55,3060,2
475,RLPacManV2,MyGhosts,18.07,1000,1
476,RLPacManV2,MyGhosts,95.32,4080,2
477,RLPacManV2,MyGhosts,118.45,2820,2
478,RLPacManV2,MyGhosts,45.05,1460,1
479,RLPacManV2,MyGhosts,36.10,2090,1
480,RLPacManV2,MyGhosts,94.08,4860,2
481,RLPacManV2,MyGhosts,176.85,4270,3
482,RLPacManV2,MyGhosts,203.62,5730,4
483,RLPacManV2,MyGhosts,28.52,2800,1
484,RLPacManV2,MyGhosts,84.63,5160,2
485,RLPacManV2,MyGhosts,31.32,1430,1
486,RLPacManV2,MyGhosts,36.78,2160,1
487,RLPacManV2,MyGhosts,20.00,720,1
488,RLPacManV2,MyGhosts,33.43,2210,1
489,RLPacManV2,MyGhosts,104.77,5190,2
490,RLPacManV2,MyGhosts,91.98,3010,2
491,RLPacManV2,MyGhosts,125.55,4860,2
492,RLPacManV2,MyGhosts,111.08,4060,2
493,RLPacManV2,MyGhosts,164.30,5150,3
494,RLPacManV2,MyGhosts,201.88,4090,4
495,RLPacManV2,MyGhosts,277.15,7070,5
496,RLPacManV2,MyGhosts,107.35,4620,2
497,RLPacManV2,MyGhosts,127.78,3490,2
498,RLPacManV2,MyGhosts,36.40,1320,1
499,RLPacManV2,MyGhosts,25.85,1250,1
500,RLPacManV2,MyGhosts,92.07,5860,2
501,RLPacManV2,MyGhosts,204.88,5800,4
502,RLPacManV2,MyGhosts,162.52,7190,3
503,RLPacManV2,MyGhosts,122.93,4520,2
504,RLPacManV2,MyGhosts,149.48,5070,3
505,RLPacManV2,MyGhosts,131.20,4190,2
506,RLPacManV2,MyGhosts,77.25,2600,2
507,RLPacManV2,MyGhosts,17.28,1310,1
508,RLPacManV2,MyGhosts,50.97,2980,1
509,RLPacManV2,MyGhosts,93.22,3950,2
510,RLPacManV2,MyGhosts,97.77,3100,2
511,RLPacManV2,MyGhosts,21.57,1060,1
512,RLPacManV2,MyGhosts,23.08,2230,1
513,RLPacManV2,MyGhosts,110.15,4130,2
514,RLPacManV2,MyGhosts,68.70,1350,2
515,RLPacManV2,MyGhosts,97.35,5940,2
516,RLPacManV2,MyGhosts,41.13,1370,1
517,RLPacManV2,MyGhosts,33.65,2270,1
518,RLPacManV2,MyGhosts,78.58,2980,2
519,RLPacManV2,MyGhosts,46.27,3040,1
520,RLPacManV2,MyGhosts,150.63,4510,3
521,RLPacManV2,MyGhosts,20.43,1170,1
522,RLPacManV2,MyGhosts,86.98,3990,2
523,RLPacManV2,MyGhosts,127.98,4540,2
524,RLPacManV2,MyGhosts,127.72,5970,2
525,RLPacManV2,MyGhosts,24.90,1550,1
526,RLPacManV2,MyGhosts,49.20,1550,1
527,RLPacManV2,MyGhosts,176.93,6200,3
528,RLPacManV2,MyGhosts,159.30,4600,3
529,RLPacManV2,MyGhosts,38.33,1060,1
530,RLPacManV2,MyGhosts,86.63,3540,2
531,RLPacManV2,MyGhosts,299.08,9600,5
532,RLPacManV2,MyGhosts,208.83,9550,4
533,RLPacManV2,MyGhosts,31.22,1400,1
534,RLPacManV2,MyGhosts,127.97,5910,2
535,RLPacManV2,MyGhosts,27.73,1810,1
536,RLPacManV2,MyGhosts,102.22,3180,2
537,RLPacManV2,MyGhosts,23.05,1140,1
538,RLPacManV2,MyGhosts,270.87,6000,5
539,RLPacManV2,MyGhosts,31.50,1300,1
540,RLPacManV2,MyGhosts,122.40,3950,2
541,RLPacManV2,MyGhosts,35.42,1240,1
542,RLPacManV2,MyGhosts,269.87,11110,5
543,RLPacManV2,MyGhosts,291.87,8330,5
544,RLPacManV2,MyGhosts,193.27,6350,3
545,RLPacManV2,MyGhosts,34.12,1380,1
546,RLPacManV2,MyGhosts,294.02,7090,5
547,RLPacManV2,MyGhosts,130.38,4740,2
548,RLPacManV2,MyGhosts,28.30,1330,1
549,RLPacManV2,MyGhosts,282.15,7070,5
550,RLPacManV2,MyGhosts,297.97,6730,5
551,RLPacManV2,MyGhosts,119.08,4020,2
552,RLPacManV2,MyGhosts,54.67,1260,1
553,RLPacManV2,MyGhosts,126.40,5030,2
554,RLPacManV2,MyGhosts,282.10,9440,5
555,RLPacManV2,MyGhosts,400.00,10360,6
556,RLPacManV2,MyGhosts,41.67,1380,1
557,RLPacManV2,MyGhosts,34.30,1770,1
558,RLPacManV2,MyGhosts,40.87,1150,1
559,RLPacManV2,MyGhosts,25.87,1190,1
560,RLPacManV2,MyGhosts,100.70,3820,2
561,RLPacManV2,MyGhosts,114.95,3860,2
562,RLPacManV2,MyGhosts,21.57,830,1
563,RLPacManV2,MyGhosts,216.65,8540,4
564,RLPacManV2,MyGhosts,170.33,5030,3
565,RLPacManV2,MyGhosts,309.17,7510,5
566,RLPacManV2,MyGhosts,271.82,7600,5
567,RLPacManV2,MyGhosts,269.78,6200,5
568,RLPacManV2,MyGhosts,112.88,3960,2
569,RLPacManV2,MyGhosts,301.35,5870,5
570,RLPacManV2,MyGhosts,107.68,3940,2
571,RLPacManV2,MyGhosts,295.88,7230,5
572,RLPacManV2,MyGhosts,280.00,11070,5
573,RLPacManV2,MyGhosts,57.43,2430,1
574,RLPacManV2,MyGhosts,127.82,5180,2
575,RLPacManV2,MyGhosts,16.83,770,1
576,RLPacManV2,MyGhosts,20.75,1270,1
577,RLPacManV2,MyGhosts,161.18,5110,3
578,RLPacManV2,MyGhosts,169.92,7170,3
579,RLPacManV2,MyGhosts,108.17,3570,2
580,RLPacManV2,MyGhosts,154.27,4690,3
581,RLPacManV2,MyGhosts,46.87,2320,1
582,RLPacManV2,MyGhosts,91.72,2670,2
583,RLPacManV2,MyGhosts,125.87,3730,2
584,RLPacManV2,MyGhosts,173.22,4400,3
585,RLPacManV2,MyGhosts,27.40,1040,1
586,RLPacManV2,MyGhosts,151.02,4300,3
587,RLPacManV2,MyGhosts,91.52,2200,2
588,RLPacManV2,MyGhosts,87.93,4560,2
589,RLPacManV2,MyGhosts,48.43,1440,1
590,RLPacManV2,MyGhosts,115.90,5560,2
591,RLPacManV2,MyGhosts,40.25,3040,1
592,RLPacManV2,MyGhosts,163.65,4530,3
593,RLPacManV2,MyGhosts,27.73,1300,1
594,RLPacManV2,MyGhosts,23.48,1520,1
595,RLPacManV2,MyGhosts,279.07,8820,5
596,RLPacManV2,MyGhosts,22.57,1350,1
597,RLPacManV2,MyGhosts,46.05,3460,1
598,RLPacManV2,MyGhosts,102.10,5550,2
599,RLPacManV2,MyGhosts,52.58,1370,1
600,RLPacManV2,MyGhosts,14.65,1180,1
601,RLPacManV2,MyGhosts,288.40,7520,5
602,RLPacManV2,MyGhosts,262.92,9010,4
603,RLPacManV2,MyGhosts,211.23,6020,4
604,RLPacManV2,MyGhosts,241.02,9120,4
605,RLPacManV2,MyGhosts,69.78,2410,2
606,RLPacManV2,MyGhosts,172.00,4690,3
607,RLPacManV2,MyGhosts,269.70,5910,5
608,RLPacManV2,MyGhosts,400.00,11150,6
609,RLPacManV2,MyGhosts,280.43,5580,5
610,RLPacManV2,MyGhosts,195.03,6040,3
611,RLPacManV2,MyGhosts,172.23,4950,3
612,RLPacManV2,MyGhosts,297.03,6420,5
613,RLPacManV2,MyGhosts,140.15,4360,3
614,RLPacManV2,MyGhosts,41.03,2340,1
615,RLPacManV2,MyGhosts,32.15,1340,1
616,RLPacManV2,MyGhosts,39.95,1820,1
617,RLPacManV2,MyGhosts,107.62,3140,2
618,RLPacManV2,MyGhosts,108.23,3090,2
619,RLPacManV2,MyGhosts,289.78,8510,5
620,RLPacManV2,MyGhosts,24.90,2350,1
621,RLPacManV2,MyGhosts,269.08,5450,5
622,RLPacManV2,MyGhosts,30.52,1180,1
623,RLPacManV2,MyGhosts,269.08,6080,5
624,RLPacManV2,MyGhosts,27.90,1730,1
625,RLPacManV2,MyGhosts,275.22,6220,5
626,RLPacManV2,MyGhosts,41.08,1060,1
627,RLPacManV2,MyGhosts,344.67,6830,6
628,RLPacManV2,MyGhosts,138.42,3800,3
629,RLPacManV2,MyGhosts,268.18,5640,5
630,RLPacManV2,MyGhosts,287.72,6850,5
631,RLPacManV2,MyGhosts,105.70,4390,2
632,RLPacManV2,MyGhosts,236.05,7120,4
633,RLPacManV2,MyGhosts,194.27,5680,3
634,RLPacManV2,MyGhosts,117.70,4740,2
635,RLPacManV2,MyGhosts,277.87,6340,5
636,RLPacManV2,MyGhosts,40.37,1260,1
637,RLPacManV2,MyGhosts,102.07,4700,2
638,RLPacManV2,MyGhosts,31.58,1200,1
639,RLPacManV2,MyGhosts,141.53,5290,3
640,RLPacManV2,MyGhosts,43.32,1580,1
641,RLPacManV2,MyGhosts,48.28,2470,1
642,RLPacManV2,MyGhosts,277.58,6480,5
643,RLPacManV2,MyGhosts,45.10,2810,1
644,RLPacManV2,MyGhosts,25.85,2240,1
645,RLPacManV2,MyGhosts,116.32,3130,2
646,RLPacManV2,MyGhosts,53.13,2340,1
647,RLPacManV2,MyGhosts,272.70,5530,5
648,RLPacManV2,MyGhosts,294.75,6350,5
649,RLPacManV2,MyGhosts,301.82,8360,5
650,RLPacManV2,MyGhosts,289.37,9410,5
651,RLPacManV2,MyGhosts,290.53,5540,5
652,RLPacManV2,MyGhosts,89.85,2850,2
653,RLPacManV2,MyGhosts,188.00,4730,3
654,RLPacManV2,MyGhosts,184.17,5650,3
655,RLPacManV2,MyGhosts,273.70,7170,5
656,RLPacManV2,MyGhosts,38.58,2710,1
657,RLPacManV2,MyGhosts,118.52,2360,2
658,RLPacManV2,MyGhosts,115.92,3220,2
659,RLPacManV2,MyGhosts,273.18,8240,5
660,RLPacManV2,MyGhosts,112.87,3580,2
661,RLPacManV2,MyGhosts,106.93,4610,2
662,RLPacManV2,MyGhosts,28.38,1300,1
663,RLPacManV2,MyGhosts,278.07,4760,5
664,RLPacManV2,MyGhosts,239.60,5600,4
665,RLPacManV2,MyGhosts,43.90,3430,1
666,RLPacManV2,MyGhosts,86.28,3590,2
667,RLPacManV2,MyGhosts,125.05,3460,2
668,RLPacManV2,MyGhosts,39.70,1200,1
669,RLPacManV2,MyGhosts,17.87,1050,1
670,RLPacManV2,MyGhosts,199.23,5000,3
671,RLPacManV2,MyGhosts,30.82,1170,1
672,RLPacManV2,MyGhosts,290.85,6700,5
673,RLPacManV2,MyGhosts,47.27,1790,1
674,RLPacManV2,MyGhosts,284.87,7180,5
675,RLPacManV2,MyGhosts,197.87,4790,3
676,RLPacManV2,MyGhosts,51.70,1360,1
677,RLPacManV2,MyGhosts,301.75,6580,5
678,RLPacManV2,MyGhosts,308.55,7840,5
679,RLPacManV2,MyGhosts,166.82,3830,3
680,RLPacManV2,MyGhosts,156.78,3980,3
681,RLPacManV2,MyGhosts,27.45,720,1
682,RLPacManV2,MyGhosts,49.20,3190,1
683,RLPacManV2,MyGhosts,119.15,4960,2
684,RLPacManV2,MyGhosts,299.67,6340,5
685,RLPacManV2,MyGhosts,127.05,6820,2
686,RLPacManV2,MyGhosts,400.00,8700,6
687,RLPacManV2,MyGhosts,367.63,11850,6
688,RLPacManV2,MyGhosts,276.55,6180,5
689,RLPacManV2,MyGhosts,98.07,5300,2
690,RLPacManV2,MyGhosts,32.62,1320,1
691,RLPacManV2,MyGhosts,24.63,1160,1
692,RLPacManV2,MyGhosts,79.65,3230,2
693,RLPacManV2,MyGhosts,50.82,2930,1
694,RLPacManV2,MyGhosts,103.78,4660,2
695,RLPacManV2,MyGhosts,361.47,7730,6
696,RLPacManV2,MyGhosts,63.27,1650,1
697,RLPacManV2,MyGhosts,400.00,10380,6
698,RLPacManV2,MyGhosts,30.12,1480,1
699,RLPacManV2,MyGhosts,269.37,6780,5
700,RLPacManV2,MyGhosts,242.00,12770,4
701,RLPacManV2,MyGhosts,399.92,8260,6
702,RLPacManV2,MyGhosts,319.95,6960,5
703,RLPacManV2,MyGhosts,167.92,6370,3
704,RLPacManV2,MyGhosts,272.48,6230,5
705,RLPacManV2,MyGhosts,180.45,5200,3
706,RLPacManV2,MyGhosts,122.88,2970,2
707,RLPacManV2,MyGhosts,113.73,1880,2
708,RLPacManV2,MyGhosts,163.98,5440,3
709,RLPacManV2,MyGhosts,133.05,3440,2
710,RLPacManV2,MyGhosts,18.45,1450,1
711,RLPacManV2,MyGhosts,168.42,4980,3
712,RLPacManV2,MyGhosts,111.85,4450,2
713,RLPacManV2,MyGhosts,137.35,4400,3
714,RLPacManV2,MyGhosts,31.43,1230,1
715,RLPacManV2,MyGhosts,38.08,2040,1
716,RLPacManV2,MyGhosts,187.57,7220,3
717,RLPacManV2,MyGhosts,208.17,5540,4
718,RLPacManV2,MyGhosts,391.13,8270,6
719,RLPacManV2,MyGhosts,400.00,8980,6
720,RLPacManV2,MyGhosts,179.77,4300,3
721,RLPacManV2,MyGhosts,44.28,2550,1
722,RLPacManV2,MyGhosts,280.13,5970,5
723,RLPacManV2,MyGhosts,97.65,2980,2
724,RLPacManV2,MyGhosts,274.25,5920,5
725,RLPacManV2,MyGhosts,16.38,1140,1
726,RLPacManV2,MyGhosts,272.42,5920,5
727,RLPacManV2,MyGhosts,20.78,920,1
728,RLPacManV2,MyGhosts,21.93,1180,1
729,RLPacManV2,MyGhosts,115.95,5120,2
730,RLPacManV2,MyGhosts,102.63,3660,2
731,RLPacManV2,MyGhosts,300.68,6250,5
732,RLPacManV2,MyGhosts,98.47,3270,2
733,RLPacManV2,MyGhosts,300.55,6320,5
734,RLPacManV2,MyGhosts,24.65,1040,1
735,RLPacManV2,MyGhosts,35.25,1180,1
736,RLPacManV2,MyGhosts,315.52,6080,5
737,RLPacManV2,MyGhosts,118.43,4240,2
738,RLPacManV2,MyGhosts,129.25,3260,2
739,RLPacManV2,MyGhosts,285.70,6000,5
740,RLPacManV2,MyGhosts,46.37,1240,1
741,RLPacManV2,MyGhosts,40.75,2360,1
742,RLPacManV2,MyGhosts,85.03,6460,2
743,RLPacManV2,MyGhosts,96.90,5670,2
744,RLPacManV2,MyGhosts,258.82,6260,4
745,RLPacManV2,MyGhosts,103.52,3060,2
746,RLPacManV2,MyGhosts,274.32,6710,5
747,RLPacManV2,MyGhosts,19.45,1180,1
748,RLPacManV2,MyGhosts,293.13,6560,5
749,RLPacManV2,MyGhosts,58.82,1940,1
750,RLPacManV2,MyGhosts,130.25,3750,2
751,RLPacManV2,MyGhosts,30.07,1060,1
752,RLPacManV2,MyGhosts,33.77,1010,1
753,RLPacManV2,MyGhosts,47.27,1300,1
754,RLPacManV2,MyGhosts,27.53,970,1
755,RLPacManV2,MyGhosts,73.50,2060,2
756,RLPacManV2,MyGhosts,302.77,8400,5
757,RLPacManV2,MyGhosts,84.23,3810,2
758,RLPacManV2,MyGhosts,39.60,2650,1
759,RLPacManV2,MyGhosts,89.97,3560,2
760,RLPacManV2,MyGhosts,117.08,3310,2
761,RLPacManV2,MyGhosts,36.42,2010,1
762,RLPacManV2,MyGhosts,87.48,2270,2
763,RLPacManV2,MyGhosts,30.87,1190,1
764,RLPacManV2,MyGhosts,48.32,1600,1
765,RLPacManV2,MyGhosts,328.77,9720,5
766,RLPacManV2,MyGhosts,26.55,1300,1
767,RLPacManV2,MyGhosts,48.42,1680,1
768,RLPacManV2,MyGhosts,54.58,3880,1
769,RLPacManV2,MyGhosts,157.43,4760,3
770,RLPacManV2,MyGhosts,36.73,1520,1
771,RLPacManV2,MyGhosts,25.93,1170,1
772,RLPacManV2,MyGhosts,277.50,7140,5
773,RLPacManV2,MyGhosts,257.05,11820,4
774,RLPacManV2,MyGhosts,127.62,3440,2
775,RLPacManV2,MyGhosts,33.05,2540,1
776,RLPacManV2,MyGhosts,284.53,6680,5
777,RLPacManV2,MyGhosts,51.02,2110,1
778,RLPacManV2,MyGhosts,36.95,3150,1
779,RLPacManV2,MyGhosts,20.70,1100,1
780,RLPacManV2,MyGhosts,121.65,4150,2
781,RLPacManV2,MyGhosts,33.45,1200,1
782,RLPacManV2,MyGhosts,275.28,8590,5
783,RLPacManV2,MyGhosts,50.53,2060,1
784,RLPacManV2,MyGhosts,270.57,5360,5
785,RLPacManV2,MyGhosts,88.73,2450,2
786,RLPacManV2,MyGhosts,300.62,8140,5
787,RLPacManV2,MyGhosts,57.58,1580,1
788,RLPacManV2,MyGhosts,282.00,7420,5
789,RLPacManV2,MyGhosts,295.20,6800,5
790,RLPacManV2,MyGhosts,400.00,9060,6
791,RLPacManV2,MyGhosts,54.65,1790,1
792,RLPacManV2,MyGhosts,89.38,4320,2
793,RLPacManV2,MyGhosts,141.27,4470,3
794,RLPacManV2,MyGhosts,108.72,3660,2
795,RLPacManV2,MyGhosts,43.70,1260,1
796,RLPacManV2,MyGhosts,106.22,4140,2
797,RLPacManV2,MyGhosts,279.05,9350,5
798,RLPacManV2,MyGhosts,95.43,3440,2
799,RLPacManV2,MyGhosts,193.28,5970,3
800,RLPacManV2,MyGhosts,139.27,3890,3
801,RLPacManV2,MyGhosts,30.37,1930,1
802,RLPacManV2,MyGhosts,283.38,10360,5
803,RLPacManV2,MyGhosts,400.00,10200,6
804,RLPacManV2,MyGhosts,146.72,4910,3
805,RLPacManV2,MyGhosts,400.00,10040,6
806,RLPacManV2,MyGhosts,244.18,7420,4
807,RLPacManV2,MyGhosts,81.62,2270,2
808,RLPacManV2,MyGhosts,298.82,8050,5
809,RLPacManV2,MyGhosts,400.00,10010,6
810,RLPacManV2,MyGhosts,20.28,1050,1
811,RLPacManV2,MyGhosts,42.65,2400,1
812,RLPacManV2,MyGhosts,315.10,8100,5
813,RLPacManV2,MyGhosts,47.58,1290,1
814,RLPacManV2,MyGhosts,281.47,8010,5
815,RLPacManV2,MyGhosts,100.88,5810,2
816,RLPacManV2,MyGhosts,275.93,9460,5
817,RLPacManV2,MyGhosts,101.30,4050,2
818,RLPacManV2,MyGhosts,378.85,11210,6
819,RLPacManV2,MyGhosts,201.03,6160,4
820,RLPacManV2,MyGhosts,95.68,3390,2
821,RLPacManV2,MyGhosts,395.67,9350,6
822,RLPacManV2,MyGhosts,127.35,4020,2
823,RLPacManV2,MyGhosts,33.13,1100,1
824,RLPacManV2,MyGhosts,32.47,1120,1
825,RLPacManV2,MyGhosts,304.32,7520,5
826,RLPacManV2,MyGhosts,43.65,1720,1
827,RLPacManV2,MyGhosts,20.88,1070,1
828,RLPacManV2,MyGhosts,22.87,1130,1
829,RLPacManV2,MyGhosts,28.33,1360,1
830,RLPacManV2,MyGhosts,30.72,1310,1
831,RLPacManV2,MyGhosts,37.73,1170,1
832,RLPacManV2,MyGhosts,54.28,1370,1
833,RLPacManV2,MyGhosts,278.48,6570,5
834,RLPacManV2,MyGhosts,295.95,5480,5
835,RLPacManV2,MyGhosts,270.53,7380,5
836,RLPacManV2,MyGhosts,326.38,8160,5
837,RLPacManV2,MyGhosts,291.25,6540,5
838,RLPacManV2,MyGhosts,114.20,3740,2
839,RLPacManV2,MyGhosts,300.48,8650,5
840,RLPacManV2,MyGhosts,45.53,1340,1
841,RLPacManV2,MyGhosts,20.23,1000,1
842,RLPacManV2,MyGhosts,49.20,4000,1
843,RLPacManV2,MyGhosts,143.67,3680,3
844,RLPacManV2,MyGhosts,117.63,4260,2
845,RLPacManV2,MyGhosts,48.70,1450,1
846,RLPacManV2,MyGhosts,271.07,6470,5
847,RLPacManV2,MyGhosts,41.02,1200,1
848,RLPacManV2,MyGhosts,21.10,1620,1
849,RLPacManV2,MyGhosts,318.70,7630,5
850,RLPacManV2,MyGhosts,14.33,900,1
851,RLPacManV2,MyGhosts,400.00,10730,6
852,RLPacManV2,MyGhosts,50.18,1620,1
853,RLPacManV2,MyGhosts,271.30,6770,5
854,RLPacManV2,MyGhosts,194.22,5550,3
855,RLPacManV2,MyGhosts,22.40,1230,1
856,RLPacManV2,MyGhosts,286.73,6080,5
857,RLPacManV2,MyGhosts,30.30,1400,1
858,RLPacManV2,MyGhosts,283.65,6920,5
859,RLPacManV2,MyGhosts,37.08,1380,1
860,RLPacManV2,MyGhosts,30.98,1390,1
861,RLPacManV2,MyGhosts,158.23,5480,3
862,RLPacManV2,MyGhosts,44.90,2700,1
863,RLPacManV2,MyGhosts,22.28,1060,1
864,RLPacManV2,MyGhosts,40.70,2220,1
865,RLPacManV2,MyGhosts,26.80,1370,1
866,RLPacManV2,MyGhosts,400.00,14070,6
867,RLPacManV2,MyGhosts,400.00,13200,6
868,RLPacManV2,MyGhosts,33.45,1000,1
869,RLPacManV2,MyGhosts,260.20,9010,4
870,RLPacManV2,MyGhosts,43.88,2280,1
871,RLPacManV2,MyGhosts,291.50,6590,5
872,RLPacManV2,MyGhosts,25.20,1170,1
873,RLPacManV2,MyGhosts,22.48,1060,1
874,RLPacManV2,MyGhosts,33.32,1200,1
875,RLPacManV2,MyGhosts,41.20,1180,1
876,RLPacManV2,MyGhosts,65.08,1610,1
877,RLPacManV2,MyGhosts,27.07,1260,1
878,RLPacManV2,MyGhosts,269.98,8260,5
879,RLPacManV2,MyGhosts,34.38,1500,1
880,RLPacManV2,MyGhosts,280.47,7170,5
881,RLPacManV2,MyGhosts,159.52,5020,3
882,RLPacManV2,MyGhosts,30.67,1280,1
883,RLPacManV2,MyGhosts,246.92,6850,4
884,RLPacManV2,MyGhosts,43.43,1220,1
885,RLPacManV2,MyGhosts,28.77,1810,1
886,RLPacManV2,MyGhosts,400.00,11430,6
887,RLPacManV2,MyGhosts,39.00,2570,1
888,RLPacManV2,MyGhosts,298.92,6400,5
889,RLPacManV2,MyGhosts,24.07,1240,1
890,RLPacManV2,MyGhosts,52.88,2230,1
891,RLPacManV2,MyGhosts,35.02,1460,1
892,RLPacManV2,MyGhosts,30.90,1870,1
893,RLPacManV2,MyGhosts,40.45,1580,1
894,RLPacManV2,MyGhosts,57.58,1360,1
895,RLPacManV2,MyGhosts,271.50,4850,5
896,RLPacManV2,MyGhosts,28.35,1200,1
897,RLPacManV2,MyGhosts,31.45,1010,1
898,RLPacManV2,MyGhosts,32.40,1190,1
899,RLPacManV2,MyGhosts,102.50,2550,2
900,RLPacManV2,MyGhosts,29.07,1460,1
901,RLPacManV2,MyGhosts,50.12,1340,1
902,RLPacManV2,MyGhosts,25.42,1940,1
903,RLPacManV2,MyGhosts,24.05,1150,1
904,RLPacManV2,MyGhosts,400.00,9010,6
905,RLPacManV2,MyGhosts,34.37,1070,1
906,RLPacManV2,MyGhosts,54.87,2030,1
907,RLPacManV2,MyGhosts,29.85,1570,1
908,RLPacManV2,MyGhosts,28.92,1140,1
909,RLPacManV2,MyGhosts,63.95,1820,1
910,RLPacManV2,MyGhosts,23.43,1250,1
911,RLPacManV2,MyGhosts,19.72,1180,1
912,RLPacManV2,MyGhosts,326.18,7710,5
913,RLPacManV2,MyGhosts,288.58,7560,5
914,RLPacManV2,MyGhosts,306.95,7280,5
915,RLPacManV2,MyGhosts,293.95,11230,5
916,RLPacManV2,MyGhosts,296.02,10550,5
917,RLPacManV2,MyGhosts,52.88,2140,1
918,RLPacManV2,MyGhosts,34.43,1470,1
919,RLPacManV2,MyGhosts,400.00,12280,6
920,RLPacManV2,MyGhosts,47.12,1400,1
921,RLPacManV2,MyGhosts,42.68,1230,1
922,RLPacManV2,MyGhosts,28.63,1400,1
923,RLPacManV2,MyGhosts,46.52,1380,1
924,RLPacManV2,MyGhosts,298.08,7950,5
925,RLPacManV2,MyGhosts,277.08,5370,5
926,RLPacManV2,MyGhosts,46.80,2480,1
927,RLPacManV2,MyGhosts,38.63,1420,1
928,RLPacManV2,MyGhosts,32.23,2540,1
929,RLPacManV2,MyGhosts,26.38,1260,1
930,RLPacManV2,MyGhosts,53.13,1300,1
931,RLPacManV2,MyGhosts,193.58,6460,3
932,RLPacManV2,MyGhosts,227.58,8770,4
933,RLPacManV2,MyGhosts,87.08,3420,2
934,RLPacManV2,MyGhosts,311.48,8750,5
935,RLPacManV2,MyGhosts,201.87,4320,4
936,RLPacManV2,MyGhosts,297.40,7750,5
937,RLPacManV2,MyGhosts,33.03,1040,1
938,RLPacManV2,MyGhosts,400.00,10570,6
939,RLPacManV2,MyGhosts,277.63,6930,5
940,RLPacManV2,MyGhosts,139.35,5950,3
941,RLPacManV2,MyGhosts,400.00,10850,6
942,RLPacManV2,MyGhosts,41.52,1010,1
943,RLPacManV2,MyGhosts,325.05,8870,5
944,RLPacManV2,MyGhosts,41.83,2210,1
945,RLPacManV2,MyGhosts,38.63,1080,1
946,RLPacManV2,MyGhosts,284.00,9330,5
947,RLPacManV2,MyGhosts,279.17,6300,5
948,RLPacManV2,MyGhosts,400.00,8970,6
949,RLPacManV2,MyGhosts,176.48,7020,3
950,RLPacManV2,MyGhosts,40.45,1200,1
951,RLPacManV2,MyGhosts,45.32,1720,1
952,RLPacManV2,MyGhosts,61.28,1290,1
953,RLPacManV2,MyGhosts,210.98,5750,4
954,RLPacManV2,MyGhosts,306.60,10410,5
955,RLPacManV2,MyGhosts,280.32,9870,5
956,RLPacManV2,MyGhosts,400.00,10370,6
957,RLPacManV2,MyGhosts,218.53,5930,4
958,RLPacManV2,MyGhosts,38.47,1230,1
959,RLPacManV2,MyGhosts,127.70,4680,2
960,RLPacManV2,MyGhosts,23.53,1260,1
961,RLPacManV2,MyGhosts,287.18,5750,5
962,RLPacManV2,MyGhosts,39.48,1250,1
963,RLPacManV2,MyGhosts,306.65,8030,5
964,RLPacManV2,MyGhosts,286.25,9090,5
965,RLPacManV2,MyGhosts,275.40,6040,5
966,RLPacManV2,MyGhosts,143.68,4830,3
967,RLPacManV2,MyGhosts,26.22,1210,1
968,RLPacManV2,MyGhosts,289.12,6350,5
969,RLPacManV2,MyGhosts,26.00,1270,1
970,RLPacManV2,MyGhosts,44.55,1320,1
971,RLPacManV2,MyGhosts,196.35,5060,3
972,RLPacManV2,MyGhosts,322.40,7020,5
973,RLPacManV2,MyGhosts,35.03,1340,1
974,RLPacManV2,MyGhosts,225.07,6510,4
975,RLPacManV2,MyGhosts,301.30,5580,5
976,RLPacManV2,MyGhosts,289.35,9350,5
977,RLPacManV2,MyGhosts,306.82,7560,5
978,RLPacManV2,MyGhosts,19.80,1080,1
979,RLPacManV2,MyGhosts,38.27,1840,1
980,RLPacManV2,MyGhosts,280.30,9190,5
981,RLPacManV2,MyGhosts,32.70,1090,1
982,RLPacManV2,MyGhosts,38.72,1180,1
983,RLPacManV2,MyGhosts,25.02,1120,1
984,RLPacManV2,MyGhosts,315.05,7030,5
985,RLPacManV2,MyGhosts,29.65,1260,1
986,RLPacManV2,MyGhosts,31.97,1130,1
987,RLPacManV2,MyGhosts,269.20,6430,5
988,RLPacManV2,MyGhosts,400.00,7410,6
989,RLPacManV2,MyGhosts,278.65,7810,5
990,RLPacManV2,MyGhosts,120.45,3910,2
991,RLPacManV2,MyGhosts,33.40,1280,1
992,RLPacManV2,MyGhosts,59.30,1180,1
993,RLPacManV2,MyGhosts,57.28,2930,1
994,RLPacManV2,MyGhosts,204.38,8200,4
995,RLPacManV2,MyGhosts,36.77,1150,1
996,RLPacManV2,MyGhosts,13.58,860,1
997,RLPacManV2,MyGhosts,23.20,1690,1
998,RLPacManV2,MyGhosts,57.38,1270,1
999,RLPacManV2,MyGhosts,205.05,6740,4
1000,RLPacManV2,MyGhosts,19.40,1390,1
1001,RLPacManV2,MyGhosts,275.68,7890,5
1002,RLPacManV2,MyGhosts,275.68,7890,5
